Designator,Mid X,Mid Y,Layer,Rotation
C8,299.22mm,-98.09mm,Bottom,90
C9,293.62mm,-101.77mm,Bottom,-90
C10,280.6635mm,-98.6945mm,Bottom,180
C11,271.1735mm,-98.6945mm,Bottom,180
C12,280.08mm,-90.27mm,Bottom,180
C13,280.67mm,-91.3mm,Bottom,180
C14,269.43mm,-94.03mm,Bottom,0
C15,269.08mm,-92.97mm,Bottom,0
C16,271.74mm,-100.25mm,Bottom,180
C17,280.0635mm,-99.7145mm,Bottom,180
F1,296.24mm,-98.56mm,Bottom,0
J3,306.35mm,-98.52mm,Bottom,-90
R8,301.9mm,-102.91mm,Bottom,90
U1,275.92mm,-94.9975mm,Bottom,90
U2,276.71mm,-106.605mm,Bottom,90
U3,296.31mm,-102.24mm,Bottom,0
U4,296.1275mm,-95.32mm,Bottom,90
C18,174.64mm,-212.88mm,Top,90
D1,20.13mm,-212.12mm,Top,90
D2,47.05mm,-83.92mm,Top,90
D3,39.09mm,-138.57mm,Top,90
D4,47.6225mm,-157.6325mm,Top,90
D5,47.6225mm,-176.6825mm,Top,90
D6,20.3mm,-193.04mm,Top,90
D7,57.1475mm,-138.5825mm,Top,90
D8,66.6725mm,-157.6325mm,Top,90
D9,71.435mm,-176.6825mm,Top,90
D10,61.91mm,-195.7325mm,Top,90
D11,92.15mm,-214.1mm,Top,90
D12,76.1975mm,-81.4325mm,Top,90
D13,76.1975mm,-100.60125mm,Top,90
D14,76.1975mm,-138.5825mm,Top,90
D15,85.7225mm,-157.6325mm,Top,90
D16,90.485mm,-176.6825mm,Top,90
D17,80.96mm,-195.7325mm,Top,90
D18,95.2475mm,-81.4325mm,Top,90
D19,95.2475mm,-100.60125mm,Top,90
D20,95.2475mm,-138.5825mm,Top,90
D21,104.7725mm,-157.6325mm,Top,90
D22,109.535mm,-176.6825mm,Top,90
D23,100.01mm,-195.7325mm,Top,90
D24,95.29mm,-214.11mm,Top,90
D25,114.2975mm,-81.31375mm,Top,90
D26,114.2975mm,-100.60125mm,Top,90
D27,114.2975mm,-138.5825mm,Top,90
D28,123.8225mm,-157.6325mm,Top,90
D29,128.585mm,-176.6825mm,Top,90
D30,119.06mm,-195.7325mm,Top,90
D31,133.3475mm,-81.31375mm,Top,90
D32,133.3475mm,-100.60125mm,Top,90
D33,133.3475mm,-138.5825mm,Top,90
D34,142.8725mm,-157.6325mm,Top,90
D35,147.635mm,-176.6825mm,Top,90
D36,138.11mm,-195.7325mm,Top,90
D37,152.3975mm,-81.31375mm,Top,90
D38,152.3975mm,-138.5825mm,Top,90
D39,161.9225mm,-157.6325mm,Top,90
D40,166.685mm,-176.6825mm,Top,90
D41,157.16mm,-195.7325mm,Top,90
D42,161.925mm,-212.79375mm,Top,90
D43,152.3975mm,-100.60125mm,Top,90
D44,171.4475mm,-81.31375mm,Top,90
D45,171.4475mm,-100.4825mm,Top,90
D46,171.4475mm,-138.5825mm,Top,90
D47,180.9725mm,-157.6325mm,Top,90
D48,185.735mm,-176.6825mm,Top,90
D49,176.21mm,-195.7325mm,Top,90
D50,333.3725mm,-219.545mm,Top,90
D51,190.4975mm,-138.5825mm,Top,90
D52,200.0225mm,-157.6325mm,Top,90
D53,204.785mm,-176.6825mm,Top,90
D54,195.26mm,-195.7325mm,Top,90
D56,200.0225mm,-81.31375mm,Top,90
D57,200.0225mm,-100.4825mm,Top,90
D58,209.5475mm,-138.5825mm,Top,90
D59,219.0725mm,-157.6325mm,Top,90
D60,223.835mm,-176.6825mm,Top,90
D61,214.31mm,-195.7325mm,Top,90
D62,314.3225mm,-219.545mm,Top,90
D64,219.0725mm,-81.4325mm,Top,90
D65,219.0725mm,-100.4825mm,Top,90
D66,228.5975mm,-138.5825mm,Top,90
D67,238.1225mm,-157.6325mm,Top,90
D68,242.885mm,-176.6825mm,Top,90
D69,233.36mm,-195.7325mm,Top,90
D70,192.01mm,-213.11mm,Top,90
D72,252.3338mm,-187.0214mm,Top,90
D73,238.1225mm,-81.31375mm,Top,90
D74,238.1225mm,-100.4825mm,Top,90
D75,247.6475mm,-138.5825mm,Top,90
D76,257.1725mm,-157.6325mm,Top,90
D77,261.8334mm,-168.3894mm,Top,90
D78,244.58mm,-221.87mm,Top,0
D79,266.6975mm,-138.5825mm,Top,90
D80,276.2225mm,-157.6325mm,Top,90
D81,261.8334mm,-178.7556mm,Top,90
D82,257.1725mm,-81.31375mm,Top,90
D83,257.1725mm,-100.4825mm,Top,90
D84,382.04mm,-154.87mm,Top,90
D85,189.88mm,-213.05mm,Top,90
D86,286.4475mm,-81.31375mm,Top,90
D87,307mm,-137.94mm,Top,90
D88,252.2322mm,-197.3816mm,Top,90
D89,271.51mm,-216.95mm,Top,90
D90,345.27875mm,-81.4325mm,Top,90
D91,345.27875mm,-100.4825mm,Top,90
D92,309.88mm,-137.95mm,Top,90
D93,304.7975mm,-157.6325mm,Top,90
D94,304.7975mm,-176.6825mm,Top,90
D95,290.51mm,-193.47mm,Top,90
D96,295.2725mm,-219.545mm,Top,90
D97,364.32875mm,-81.4325mm,Top,90
D98,364.32875mm,-100.4825mm,Top,90
D99,373.85375mm,-145.72625mm,Top,0
D100,314.3225mm,-200.495mm,Top,90
D101,382.04mm,-82.06mm,Top,90
D102,373.9725mm,-88.57625mm,Top,0
D103,345.27875mm,-119.5325mm,Top,90
D104,373.85375mm,-107.62625mm,Top,0
D105,345.27875mm,-138.5825mm,Top,90
D106,372.8725mm,-126.67625mm,Top,0
D107,326.22875mm,-155.25125mm,Top,90
D108,402.42875mm,-81.55125mm,Top,90
D109,392.90375mm,-88.57625mm,Top,0
D110,364.32875mm,-119.5325mm,Top,90
D111,392.5564mm,-125.4888mm,Top,0
D112,364.32875mm,-138.5825mm,Top,90
D113,402.8288mm,-126.6826mm,Top,90
D114,364.32875mm,-155.25125mm,Top,90
R1,297.37mm,-78.58mm,Top,-90
R2,307.39mm,-78.65mm,Top,-90
R3,317.61mm,-78.81mm,Top,-90
R6,174.69mm,-218.95mm,Top,90
R4,265.32mm,-92.43mm,Bottom,180
R5,265.33mm,-93.49mm,Bottom,180
R7,301.88mm,-94.13mm,Bottom,-90
SW1,169.8mm,-216.89mm,Top,0
SW2,169.8mm,-210.8mm,Top,0
